full_name,maintenance_efficiency_score
Leox1024/homelab-ansible-ops,58.099999999999994
frankligy/pan_cancer_intracellular_antigen_atlas,58.55
Olshansk/rss-feeds,64.3
doms9/iptv,57.599999999999994
DanPeled/Synapse,56.55
dipi-unimore/mininet-gym,57.599999999999994
typegg-io/eggert-bot,58.55
nghiahsgs/iqair-dataset,57.599999999999994
Fzkuji/Ensemble-Hub,57.599999999999994
Phylmox/OpenBB-finance,60.55
Quivnex/blankly-finance,64.15
Raidensz/OTP-Bot-Telegram,64.1
Raidensz/NB-OTP-Bot-Telegram,64.1
tom-doerr/repo_posts,57.1
sexfrance/Spotify-ClientVersion,61.3
Krexind/quant-trading,59.349999999999994
Orinks/AccessiWeather,63.599999999999994
dr-schlange/nallely-midi,58.400000000000006
sciknoworg/YESciEval,63.1
Vulthen/myhhub-stock-quantitative,64.5
miladtahanian/V2RayScrapeByCountry,57.599999999999994
levispark/gen-playlist,60.55
vlad-ds/ai-trader-frontend,59.599999999999994
cm851228/my51228888,57.599999999999994
abusaeeidx/Yupptv-Playlist,57.599999999999994
wisebobo/clashNodes,60.55
JERRYZFC/yxip_git_action,57.599999999999994
WulfgarW/homeassistant-pycupra,57.599999999999994
DeterminateSystems/flakehub-cache-action,62.55
100rabhsah/ai-news-aggregator,59.55
z562261070/Cailianpress-Feishu-Bot,57.599999999999994
machka-pasla/remnawave-tg-shop,64.3
T3stAcc/V2Ray,57.599999999999994
kmnhan/xarray-lmfit,60.55
thexnumb/thexwriteup,65.15
V2RayRoot/V2RayConfig,57.599999999999994
rango-cfs/NewCollector,61.599999999999994
Skillter/ProxyGather,57.599999999999994
Vanic24/VPN,61.599999999999994
maoist2009/HTTPS_IP_finder,63.599999999999994
redgreat/stepwong,57.599999999999994
DeterminateSystems/determinate-nix-action,63.599999999999994
tutw/platinsport-m3u-updater,57.599999999999994
stephansturges/Tator,57.599999999999994
WulfgarW/pycupra,61.599999999999994
TomoeMami/S1PlainTextArchive2025,59.599999999999994
SECTL/SecRandom,59.599999999999994
cs3306/IPTV-Sources,57.599999999999994
PaulH97/Sen12Landslides,59.349999999999994
cyh92/iptv-api3,60.55
Zhalslar/astrbot_plugin_browser,57.599999999999994
redfree8/config-fetcher,57.599999999999994
cook369/proxy-collect,60.55
davxy/jam-conformance,58.3
MinZin100000/Project-0,60.55
melogabriel/tinfoil-shops-status,57.1
anton-prosterity/documentation-search-mcp,55.55
vulnebify/cidre,65.35
soulripper13/hass-speedtest-ookla,60.9
arschlochnop/VulnWatchdog,57.599999999999994
Lokam-AI/lokamspace,58.3
usemanusai/CodeMAD,58.55
ridwaanhall/ridwaanhall-com,64.85
ARUNAGIRINATHAN-K/ARUNAGIRINATHAN-K,60.55
ASTRACAT2022/VPN-FREE-astra.net-V1,60.55
Oaklight/onehub_prices,59.349999999999994
namegenliang/fast-github-access,60.55
theriturajps/proxy-list,58.3
BuddyChewChew/localnow-playlist-generator,63.599999999999994
IsaacCheng9/order-book-simulator,59.05
uzumstanley/PHIDATA,59.849999999999994
jm-cook/mspa-homeassistant,63.599999999999994
dp-web4/Synchronism,60.55
arthur-ai/arthur-engine,55.599999999999994
cnpjpw/cnpjpw,60.55
Drakkar-Software/OctoBot-Market-Making,63.599999999999994
TheSmartDevs/SmartUtilBot,57.599999999999994
galaxyproject/galaxy-mcp,63.599999999999994
apprevenew-com/firebase-remote-config-python,60.55
ssmugabi/IDAPlugins,61.35
Gotti0/batch_translator_with_gemini_ko,61.599999999999994
teraha-dev/statsfm-to-markdown,55.05
kadirsener1/CanliTvListe,56.55
VIDA-NYU/UrbanMapper,65.35
andyjud/tiktok-clone,57.599999999999994
the-bird-F/Expressive-Vectors,60.55
sanderland/script_tok,57.599999999999994
jerome-benoit/freqai-strategies,63.599999999999994
Ofcremeo/PlateYOLO-JP-Prototype,62.55
marcosomma/orka-reasoning,63.599999999999994
Armaan29-09-2005/AI-OSINT-Security-Analyzer,62.55
Zayden-Cyber/Backdoor,57.599999999999994
corrupt0303/dating-agent,63.05
Aeron1-bit/PyWxDump,57.6
shashank2122/Local-Voice,58.099999999999994
luticuzokz53/real_estate_leadbot_public,61.25
ooyinet/WeClone,58.35
sorin177/ai-analyst-agent,58.400000000000006
TraceDesigns/MegaETH-Faucet,61.7
bensugursoy/Drone-Swarm-RL-airsim-sb3,61.8
Crezy-haker/videocutterAI,59.599999999999994
Willywillisonq24324/telegram-member-adder-scrapper,60.150000000000006
Yghan31/multi-tracking-YOLOv8-ByteTrack,62.55
Ahm-rgb/Alpha-SQL,62.3
racanreggo6v42/DDoS,58.3
techdomegh/ai-news-scraper,61.05
irfanbob26/AI-Chatbot,63.15
NayanMistry534/discord-raider-tool,59.849999999999994
Arman171/WebForensic,58.8
Mojo96666/hack-crypto-wallets,63.5
REVERSEDCD/jobspy-api,62.6
thinker84/Real-Time-stock-price-prediction-and-market-analysis-using-Machine-Learning,59.349999999999994
DennisDRX/Faraday-Web-Researcher-Agent,60.55
waelsultan28/youtube-shorts-automation,59.599999999999994
militarandroid/cybersecurity_hack,63.05
youmeat6678/Instagram-Hashtag-Scraper,61.349999999999994
benkhelifamohamedtaher/speech-emotion-recognition,62.55
Creature-112/gemini-live,64.1
incno/WhatsApp-Spam-Bot,63.05
hoangtuanhehehehhe/AgentVault,60.55
omerso901/HRMedSeg,63.349999999999994
SHANMUGAM070106/cursor-free-vip,64.3
luwhano/fastapi-langgraph-agent-production-ready-template,63.349999999999994
amad890/cloudflare-temp-mail,57.599999999999994
iniarfia/mcp-server-mas-sequential-thinking,65.55
riccorik/cursor-auto-icloud,57.599999999999994
kuroyaii/free-ip-stresser,58.3
AlejandroZaZ/cybersecurity-tools,64.25
Spac5y/Vocal-Agent,61.599999999999994
JbvrgtonYT/ollvm-unflattener,63.599999999999994
vrishank-cmd/Whatsapp-Bot,59.599999999999994
Oliveira3d/free-ip-stresser-booter,58.3
sammakumbe/burp-idor,62.050000000000004
inspirepan/klaude-code,57.599999999999994
mdtajnur22/kiss-slam,60.55
JoseAP02/Font-Downloader,61.35
kastalimohammed1965/CLIP-fine-tune-registers-gated,62.55
gorkaydemir/track_on,65.35
VOICEVOX/voicevox_vvm,54.55
camel52zhang/yxip,63.599999999999994
HuichuanLI/play-with-instruct-model,60.55
giuliomagnifico/raiplay-feed,56.55
xiaozhuABCD1234/AutoAnswer_zhihuishu,62.55
mkaflowski/Gemini-SRT-translator-GUI,63.599999999999994
xychcz/S3Fit,62.55
xxyzz/wiktionary_stardict,60.55
PuddinCat/OllamaSpider,57.599999999999994
chengliu97/ProDualNet,62.55
sparklost/endcord,64.8
maimengmeng/mysub,57.599999999999994
digitaldemocracy2030/polimoney,59.1
hengruiyun/AI-Stock-Master,64.3
huangusaki/PicLingo,59.599999999999994
apikusu/altstore,60.55
fansiphone/pachong-tom,57.599999999999994
OpenHUTB/nn,56.3
WwZzz/ILStudio,63.599999999999994
premiumcreativeuser/live_events_pu,60.55
Code-Science/Awesome-AI-Landscape,58.55
YangLang116/auto_gen,60.55
ErgoDevs/Ergo-Bounties,55.599999999999994
nodesfree/v2raynode,57.599999999999994
nodesfree/clashnode,57.599999999999994
nbshenxm/pentest-agent,66.75
w154594742/free-v2ray-node,57.599999999999994
United-Compute/gpu-price-tracker,63.599999999999994
Romihi/annotation_training_d2j,60.55
onlyno999/streamlit.io,57.599999999999994
LRFP-Team/LRFP,59.1
HarishM-AIML-A-58/LeetCode_Daily,57.599999999999994
eddiehe99/xyzrank,57.599999999999994
Zhalslar/astrbot_plugin_reread,57.599999999999994
nightah/daddylive,59.599999999999994
KNR-PW/Dron_symulacja,62.55
Josh9456/IPTV-m3u,61.349999999999994
spincat/SmartProxyPipeline,60.55
Ice-001/wxvuln,63.599999999999994
cbcoutinho/nextcloud-mcp-server,55.599999999999994
hamedcode/port-based-v2ray-configs,63.599999999999994
Zhalslar/astrbot_plugin_relationship,57.599999999999994
946727185/auto-ip-update,63.599999999999994
silasary/apworlds,63.599999999999994
djdoolky76/UDPTV,60.55
Kai-One001/cve-,60.55
waterdisappear/ATRNet-STAR,64.3
OpenBuilders/access-tool,59.599999999999994
RogoLabs/CNAScoreCard,58.55
cavefire/Bose-Homeassistant,63.599999999999994
asukaneko/comic-downloader,57.599999999999994
DCjanus/prompts,57.599999999999994
Bittu5134/ORV-Reader,66.05
junlangzi/Lottery-Predictor,57.599999999999994
krozgrov/ha-omlet-integration,59.599999999999994
JEEBIS27/Plover_Mejiro,57.599999999999994
nkapila6/mcp-local-rag,64.3
ClimenteA/social-media-posts-scheduler,63.349999999999994
spyboy-productions/ObfuXtreme,57.9
lizaifu2026/df,57.599999999999994
XargonWan/Synthetic_Heart,57.349999999999994
JoeGaffney/deferred-diffusion,62.15
Liiesl/EasyScanlate,61.349999999999994
umbertogriffo/fastapi-blueprint,61.05
DDSRem-Dev/MoviePilot-Plugins,64.3
hbin0701/Pred-Sent,65.35
nerdai/llm-agents-from-scratch,55.599999999999994
hbq0405/emby-toolkit,63.1
keta1930/mcp-agent-graph,66.05
cavefire/pybose,60.55
0610840119/iptv-api,58.099999999999994
dillfrescott/mvsep-beta,63.25
john-friedman/datamule-indicators,63.599999999999994
mkuthan/solis-cloud-control,63.599999999999994
yoyolicoris/philtorch,63.599999999999994
seud0nym/sigenergy2mqtt,58.849999999999994
Ethan-Men/8159-TV,58.099999999999994
whiteout-project/bot,64.1
Mifta24/auto-quotes,60.55
kingshot-project/Kingshot-Discord-Bot,63.599999999999994
RynoxPrime/SpotiFX,58.400000000000006
Yui007/bato_downloader,63.599999999999994
keekyslusus/SteamFlow,60.55
analyticsinmotion/werx,60.55
plsy1/epg,60.55
eliranwong/agentmake,64.1
leafyin/game-help-script,61.599999999999994
mapterhorn/mapterhorn,63.1
codelion/pts,57.1
hxabcd/easiauto,60.55
hackclub/nephthys,56.900000000000006
Elwinmage/ha-reefbeat-component,59.599999999999994
juspay/clairvoyance,55.599999999999994
carl0smat3us/undetected,60.55
MagiclabRobotics/magicbot-gen1_description,60.55
flyingbitac/fly_in_docker,57.599999999999994
FBruzzesi/anyschema,57.349999999999994
hahahafeifeifei/PIGA,59.599999999999994
AnInsomniacy/tracknet-series-pytorch,65.35
ViStoryBench/vistorybench,57.1
jaimebarran/spotify-latest-episodes,60.9
ELXaber/chaos-persona,57.599999999999994
fishros/fprotocol,60.55
peternest/hh-inspect,60.55
wooluo/vuln_crawler,57.599999999999994
wooluo/watch0day,57.599999999999994
WeepingDogel/matrix-historian,58.099999999999994
HZBHZB1234/LCTA-Limbus-company-transfer-auto,60.55
john-friedman/datamule-data,57.599999999999994
adamprime/comiccaster,55.599999999999994
dsccccc/clashfree,60.55
NSPC911/rovr,60.3
V2RAYCONFIGSPOOL/V2RAY_SUB,65.35
ShamsParvezArka/fleury-theme.el,63.599999999999994
indmdev/Telegram-Store-MiniApp,63.7
peers-labs/peers-touch,57.599999999999994
dubefab/obsidian-TerraFlow,57.599999999999994
Nyabsi/OpenFps,63.599999999999994
ide-an/nijigta-livers-map,57.599999999999994
spydisec/spydithreatintel,58.599999999999994
xiaochanghai/eu.admin,63.599999999999994
juspay/neurolink,59.5
SeniorMatt/Matthew-s-NixOS,57.599999999999994
hatayama/uLoopMCP,64.65
cocopuff2u/BOFA,58.599999999999994
imrightguy/CloudToLocalLLM,55.3
sayhiben/theblop,56.3
Yebingiscn/SweetVideo,64.3
ararog/deboa,61.599999999999994
rogsme/yams,64.3
vishnuroshan/zed-react-ts-snippets,61.599999999999994
mytv-android/BRTV-Live-M3U8,55.599999999999994
qljsyph/ruleset-icon,61.599999999999994
sinavm/sinavm,59.599999999999994
Kolandone/v2raycollector,55.599999999999994
DerDavidBohl/dirigent-spring,58.150000000000006
maccmsapp/iptv,55.599999999999994
InkCanvasForClass/community,55.599999999999994
galihru/MentalHealth,55.599999999999994
vmheaven/VMHeaven-Free-Proxy-Updated,55.599999999999994
RemiaCS/Window-Tweaks,59.599999999999994
Tamzk/Rebel-OtpBot-Twillo-Bypass-Paypal-2fa-80-Country-Usa,60.099999999999994
AYssu/fast-scan,57.599999999999994
relizaio/rearm,61.150000000000006
galihru/facemind,65.35
xiv3r/top-github-users-ranking,59.599999999999994
sebastian-mutz/fsml,61.55
ToolerofLight/myfiles,55.599999999999994
galihru/galihru.github.io,57.599999999999994
markomijic/TTS-Mod-Vault,57.599999999999994
AyGemuy/wudyver,63.599999999999994
galihru/hbd,56.8
Its-Nyein/shadcn-admin,58.849999999999994
WaspScripts/WaspLib,55.599999999999994
imohammedh/Notevo,58.099999999999994
li1lli1/xuejimao-video-cut,55.599999999999994
The-AI-Alliance/llama-stack-examples,59.599999999999994
trio666/proxy-checker,55.599999999999994
iasakura/lean-yjs,57.599999999999994
smartscripts-nl/dynamic-xray,63.599999999999994
lonerOrz/loneros-nixos,59.599999999999994
poetaster/arduinoMI,63.599999999999994
RustNSparks/rocm-rs,63.599999999999994
anzhiyu-c/anheyu-app-frontend,59.599999999999994
NikhilRout/TheGEMMCoreProject,59.849999999999994
bzggnveee/There-is-nothing-here,55.599999999999994
Belphemur/night-routine,63.599999999999994
niksedk/subtitleedit-avalonia,63.599999999999994
prateekrajput08/Arcade-Google-Cloud-Labs,63.599999999999994
isw866/iptv,57.599999999999994
vlang/gui,64.3
gfpcom/free-proxy-list,64.3
wmigor/godot-aircraft-plugin,63.599999999999994
zzq1234567890/epg,57.599999999999994
Axthauvin/epitrace-packs,62.8
ivsemenkov/EEGSimpleNet,57.599999999999994
loonghao/vx,57.599999999999994
interp-reasoning/thought-anchors.com,56.8
DNATechByNaldoDJ/fw.webex,65.7
Kone457/Shizuka-AI,56.8
abusaeeidx/CricHd-playlists-Auto-Update-permanent,63.599999999999994
RavenHogWarts/obsidian-ace-code-editor,59.599999999999994
Sage-77/V2ray-configs,55.599999999999994
wsdjeg/nvim-config,57.599999999999994
hypervel/components,59.599999999999994
SukkaLab/ruleset.skk.moe,57.599999999999994
luo-ross/MultiVerseKit,57.599999999999994
FlavorfulGecko5/EntityAtlan,58.400000000000006
taolson/Admiran,57.599999999999994
xcontcom/xcontcom,55.599999999999994
Glaube-TY/siyuan-homepage,63.599999999999994
Rushikeshnimkar/portfolio2025,62.849999999999994
Iteranya/anita-cms,63.599999999999994
FLYCOM-E/ClearBox,63.599999999999994
chrisdoc/hevy-mcp,67.35
tastetastetaste/musictaste,63.599999999999994
giantswarm/muster,56.8
96flashbacks/showfloor,63.599999999999994
theajmalrazaq/superflex,62.8
Cybermonit/RSS-Feed,55.599999999999994
klsdf/GreenResourcesManager,57.599999999999994
JAG-GW/GwAu3,57.599999999999994
sevcator/5ubscrpt10n,56.8
vfan/go-web-mvc,58.8
syrianzone/syrianzone,59.599999999999994
vonajs/vona,58.849999999999994
ohkami-rs/sqlx-d1,63.599999999999994
Yorick-Ryu/deep-share,60.599999999999994
RinLit-233-shiroko/Class-Widgets-2,59.599999999999994
santawho/oeffi-ng,56.400000000000006
eWloYW8/ZJU-classroom-stream,59.599999999999994
pkgforge-community/AM-HF-SYNC,55.599999999999994
sendmebits/ghostmail-ios,57.599999999999994
spzbrnmrc/Tiny-Vedas,57.599999999999994
Rink37/BOBJECT_engine,56.400000000000006
handeveloper1/Proxy,55.599999999999994
kmontag/macher,64.3
Monochrome-Inc/ZombiePanic-HL,60.400000000000006
m-bwela/m-bwela,55.599999999999994
BossSloth/SteamHunter-plugin,59.599999999999994
xiaoniucode/etp,58.400000000000006
voocel/mas,58.8
Luiz-Alcantara/Neural-Pixel,64.85
spongebob888/shadowquic,64.3
DefiTuna/tuna-sdk,57.599999999999994
xsSplater/Darktide_Enhanced_Descriptions_BETA,57.599999999999994
skyline69/balatro-mod-index,64.3
Glauedson/Glauedson,56.099999999999994
FidelityFramework/Firefly,59.349999999999994
NekoNyangYee/taehyun-blog-renewal,55.75
michelinus/api,60.95
sakura-talk-kingdum/sakurabot,61.45
growingio/design-system,62.55
tigerbeetle/devhubdb,61.75
garylin0969/trend-scraper,61.75
henrryqr/portafolio-programacion-numerica-2025,63.5
flarom/cohesion,58.0
kissenpvp/Pulvinar,61.75
Setout8/Book-Pen-Book,64.3
turgut090/traffic,61.75
zonary123/CobbleUtils,60.55
jabbott-iii/Udemy-Portfolio-Projects,62.55
MrAbolfazlNorouzi/iran-configs,58.8
gomlet674/G-MON-Hub,61.75
guess/claude_code,58.8
manyeyes/ManySpeech,63.599999999999994
EduJonathan/aprendendoCpp,62.55
nschainblatt/sicp,61.75
atopos31/llmio,64.3
O0111lqczeadxws/rss-scanner,61.75
aruljohn/crypto-prices,63.5
FireStar0507/BingWallpaper,61.75
soui4/swinx,62.55
cdilga/multiplayer-racer,62.7
yihad168/tv,58.8
AdeelWajid/iptv_validated_list,58.8
codeby-umar/codeby-umar,62.8
Karankoli17/LoveConfessionSite,60.95
alantang1977/aTV,61.75
zeldrisho/scoop-bucket,61.75
kandeng/blender_python_tutorial,61.75
opedromartinss/cotacoes-cafe,61.75
indmdev/Free-Telegram-Store-Bot,63.599999999999994
davidfue/RIF-Layoff-Dataset,59.75
CodaBool/stargazer,54.949999999999996
tablackburn/ScheduledTasksManager,55.75
vizoros/peer,62.55
cardenluo/ComfyUI-Apt_Preset,64.3
BA-CalderonMorales/my-life-as-a-dev,63.05
yanghui1-arch/mwin,61.75
RaydenLabs/genisys-data,61.75
SecondOrder-fun/sof-alpha,55.699999999999996
media-stack/gb2b-lead-finder,61.75
wavey0x/open-data,61.75
HAPPY-script/BLOX_FRUIT,61.75
Eyefyre/NYT-Connections-Answers,60.8
angelistaxin/auto-commit-angelistaxin-60s,59.75
nakulmitra/nakulmitra,59.75
ethan-yz-hao/github-stats,62.55
win-wiz/emoji-click,61.75
KeckObservatory/mKTL,62.55
d0midigi/hackherway,61.75
daniel7grant/time,62.55
harys722/github-daily-autocommit,61.75
TencentCloudBase/CloudBase-AI-ToolKit,64.3
soenneker/soenneker.extensions.httprequests,62.55
sss97133/nuke,55.75
indmdev/indmshopbot,58.8
fryagbye/tinderboxwithquarto,62.55
XStrikers/Discord-Bot,61.45
ACANX/MavenArtifact,53.75
adcontextprotocol/adcp,60.8
fraudiay79/strm,55.75
Wen-Xi-Goh/taxi-locations,61.75
bigbeartechworld/big-bear-universal-apps,55.75
tuxracer/matrix-fediverse-bridge,56.25
marajadesantelmo/dassa_operativo_stream,59.5
bigdargon/hostsVN-DeadDomainsLinter,62.55
pw56/web-puri-project,55.75
markvaaz/ScarletCore,61.75
xx25/perestroikabbs,61.75
Kanamo2525/prompt101,61.75
dpangestuw/Free-Proxy,59.5
ichenc/ichenc.github.io,62.55
AnterCreeper/pdaltmode,61.75
theneworacle/theneworacle.github.io,55.75
008Amonra/45dgof8_ComplianceSuite,62.55
cloudplains/jnsj,55.75
tscibilia/home-ops,61.5
prototbh/TEMP,62.55
malcolmramirez/supercollider,61.75
RuningFastChack/auto-bangumi,62.55
MangaBoya/mangaboya-nsfw,56.8
haoboww/RFGENS,61.75
bioinfo-gao/Python_Omics_DS,61.75
bettermyself/ai_learn,53.75
ya950/Agu-analysis,61.75
coder/mux,60.3
yanivsun/PushPaper,62.1
seehasung/SHS_Product_DB,61.75
yuler/rails-starter,57.75
BazilSuhail/Custom-Compiler,62.55
dmarx/papers-feed,57.75
GaiaEyesHQ/gaiaeyes-media,59.75
cjchandler/last_update_repo,62.55
bq2015/FreeProxies,64.3
andykimpe1/andykimpe1.github.io,61.75
bq2015/FreeProxies,64.3
andykimpe1/andykimpe1.github.io,61.75
743859910/AdGuard_Home_Official-built-in_Rules,62.55
noworneverev/leetcode-api,59.599999999999994
pixperk/chug,60.0
tyang816/tyang816,61.75
twitOne/RPZ-Blocklists,60.5
jhelvy/potus-econ-scorecard,60.95
Dvd848/wiki-game,62.55
nebula-site/nebula-site.github.io,62.55
pstAmbition/DailyArXiv_Multimodal,55.75
MSCoreLab/BYU-Core-MS-Lab,63.5
saveas446/LegacyBuilder,62.5
yylt/tul,59.75
liujunxiang0076/liu-site,62.55
DeltaPhi0/DeltaPhi0,61.5
Saleh7/BadTrafficData,61.75
KwanWaiPang/Awesome-VLN,56.8
constructive-io/constructive,58.8
pkgforge/bin,57.5
suptur/DNS-Filters,62.55
743859910/AdGuard_Home_Thirdparty_Rules,61.75
schardosin/astonish,62.55
cysyiu/WeatherMap,60.95
vpeinado263/infinito-jg,62.55
Xovee/cs-conf-stats,62.55
rix4uni/resolvers,59.599999999999994
genkin-he/news,62.55
projectbluefin/documentation,64.6
O-VanTho-programmer/ClassManagement,61.75
dxiv/dxiv,58.8
Misaka-blog/sfw-client,63.599999999999994
Sirraide/libbase,58.55
EzCE/ScreenSaver-CE,62.55
ddthien-coder/rustdesk_server_manager,61.75
aakalaw/aakalaw.github.io,57.75
stefanpejcic/OpenPanel,64.8
breadgrocery/bettergi-script-toolchain,61.75
1564307973/GC2000,62.55
soenneker/soenneker.utils.file.download,64.3
divengine/paramaribo-info-2025,59.75
argosnothing/nixos-config,58.8
VatsalyaGautam/VatsalyaGautam,61.75
netlas-io/netlas-free-iocs,61.349999999999994
ThuanyKamers/ThuanyKamers,61.75
asfaload/checksums,62.55
c2fc2f/dotfiles,62.55
ConradIrwin/conl-lsp,62.55
takutakahashi/agentapi-proxy,58.949999999999996
IAINBone-Data/layanan,61.75
mcneds/Album-Poster-Generator,60.95
ugliestie/wplace-tomsk,61.75
mochouaaaaa/nix-config,61.75
SoupDevs/BooruRamen,57.75
PakmanGames/ruby-mastermind,62.55
frankrichardhall/T3rn-Executor-bot,62.9
frankrichardhall/Units-Network-Airdrop-bot,62.9
frankrichardhall/Swisstronik-ERC721,64.15
frankrichardhall/T3rn-Airdrop-bot,62.9
frankrichardhall/Trailblazers-Taiko-Airdrop-bot,62.55
frankrichardhall/TEA-Testnet-Airdrop-bot,61.300000000000004
xiaobuding520/lunli,60.95
frankrichardhall/Rise-Chain-Airdrop-bot,61.300000000000004
frankrichardhall/Particle-Pioneer-Testnet-bot,62.9
frankrichardhall/Nillion-Airdrop-bot,62.9
frankrichardhall/Sowing-Taker-Farming-Airdrop-bot,62.7
frankrichardhall/OroSwap-Testnet-Airdrop-bot,61.300000000000004
frankrichardhall/Monad-Curvance-Pump4Gains-bot,61.300000000000004
gitrecon1455/fresh-proxy-list,60.8
frankrichardhall/Octra-Labs-Client-Installation-bot,62.55
frankrichardhall/Monad-Testnet-bot,61.300000000000004
frankrichardhall/PlumeNetwork-Testnet-bot,62.9
frankrichardhall/Humanity-Protocol-Airdrop-bot,62.35000000000001
drussell23/JARVIS,55.75
Indrudge/Indrudge,61.75
frankrichardhall/Izumi-Finance-Trailblazers-Taiko-Airdrop-bot,61.75
frankrichardhall/Kite-AI-Airdrop-bot,62.2
frankrichardhall/Gotchipus-NFT-Pharos-Network-Airdrop-bot,61.300000000000004
frankrichardhall/Huddle01-Testnet-Airdrop-bot,63.85
KotomiMitsutakaOgawa/AutoGreen,59.75
LEOCAR0210/Solver-App,62.55
glycerine/rpc25519,62.0
FinnHeathfield/Soundbath-2.1,62.55
henrikbykvist/fpl-feed-raakens-disipler,61.75
Nat3z/OpenGameInstaller,63.599999999999994
hafrey1/GeoLite-IP,61.75
soenneker/soenneker.semantickernel.pool,61.75
surisuririsu/gakumas-tools,63.599999999999994
Damocles-fr/PPJF,60.0
Pedrohss2/cardapio-backend,61.75
Zanue/MDT-dist,63.599999999999994
t23-02/bongda,59.75
paul-russo/blots-lang,62.8
robertringler/QRATUM,55.75
petr0leum/github_actions_dashboard,62.55
rspack-contrib/rspack-dev-server,62.0
kungbirdmed/truthverify-site,61.75
Gabrieltrinidad0101/informacion-dominicana,62.55
wanghz/Honeybee,60.8
indmdev/Free-Telegram-Store-Bot,63.599999999999994
penhandev/AutoAiVPN,56.8
BigheadSMZ/Zelda-LA-DX-HD-Updated,64.3
drmlive/fancode-live-events,63.599999999999994
indmdev/indmshopbot,58.8
Supremekirb/EBME,63.599999999999994
winterofhell/fedora-optimizations,60.8
flarom/cohesion,58.0
chainapsis/oko,56.8
Setout8/Book-Pen-Book,64.3
MrAbolfazlNorouzi/iran-configs,58.8
guess/claude_code,58.8
manyeyes/ManySpeech,63.599999999999994
atopos31/llmio,64.3
yihad168/tv,58.8
AdeelWajid/iptv_validated_list,58.8
codeby-umar/codeby-umar,62.8
cardenluo/ComfyUI-Apt_Preset,64.3
Eyefyre/NYT-Connections-Answers,60.8
adcontextprotocol/adcp,60.8
dpangestuw/Free-Proxy,59.5
MangaBoya/mangaboya-nsfw,56.8
bq2015/FreeProxies,64.3
noworneverev/leetcode-api,59.599999999999994
pixperk/chug,60.0
KwanWaiPang/Awesome-VLN,56.8
constructive-io/constructive,58.8
Xovee/cs-conf-stats,62.55
rix4uni/resolvers,59.599999999999994
projectbluefin/documentation,64.6
dxiv/dxiv,58.8
Misaka-blog/sfw-client,63.599999999999994
argosnothing/nixos-config,58.8
netlas-io/netlas-free-iocs,61.349999999999994
gitrecon1455/fresh-proxy-list,60.8
frankrichardhall/Humanity-Protocol-Airdrop-bot,62.35000000000001
glycerine/rpc25519,62.0
Nat3z/OpenGameInstaller,63.599999999999994
surisuririsu/gakumas-tools,63.599999999999994
Damocles-fr/PPJF,60.0
Zanue/MDT-dist,63.599999999999994
paul-russo/blots-lang,62.8
rspack-contrib/rspack-dev-server,62.0
mirtlecn/rime-radical-pinyin,60.3
iplocate/free-proxy-list,56.8
4Freye/panelsplit,62.8
qazzxxx/cloudimgs,57.5
ModelEngine-Group/DataMate,65.55
gaoyakang/online_logisim,60.8
gslege/CloudflareIP,64.3
GOATNetwork/goat,63.599999999999994
mrshmllow/tolerable-nvim-nix,64.3
lalifeier/IPTV,64.3
alantang1977/iptv_api,58.8
nene504273/Monkey-D-luffy-Bot-MD,63.599999999999994
743859910/Typora,63.599999999999994
ChHsiching/GitHub-Chinese-Top-Charts-Classified,60.3
sanity-io/sdk,58.8
Wirili/IPTV,64.3
databay-labs/free-proxy-list,57.599999999999994
cluntop/tvbox,60.3
743859910/VPN,58.8
liquidz/elin,64.3
EHylands/QolsysController,58.8
Danialsamadi/v2go,62.0
facebookexperimental/free-threading-benchmarking,63.599999999999994
broadinstitute/trexplorer-catalog,60.8
MHaggis/ClickGrab,58.3
vitoplantamura/HackerNewsRemovals,64.3
junjunlab/omicScope,65.35
Animenosekai/japanterebi-xmltv,63.599999999999994
weapp-vite/weapp-vite,64.8
onikun94/obsidian-local-rss,63.599999999999994
sholdee/home-ops,65.35
drmlive/sliv-live-events,63.599999999999994
Ceasar128/MultronFguardian,63.599999999999994
imdypha/penghijauan,56.8
alejandrofontan/AnyFeature-VSLAM,64.3
bangumi/Bangumi-iOS,63.599999999999994
gornskew/skewed-emacs,58.8
acuitymd/silk-chiffon,61.55
kalbasit/ncps,64.3
lipsumai/Best-AI-Tools,58.8
LejuRobotics/kuavo-ros-opensource,58.8
siganberg/ncSender,58.8
AMD-AGI/Primus-SaFE,63.599999999999994
espressif/esp-webrtc-solution,60.3
reall3d-com/Reall3dViewer,58.3
Tworlizm/Email-Bomber-SMTP,59.5
IsThisMeta/zagreus,63.599999999999994
Eric86777/vps-tcp-tune,58.3
ebrasha/abdal-proxy-hub,57.150000000000006
mcsrainbow/chinese-internet-jargon,58.8
mcsrainbow/chinese-internet-jargon,58.8
laura-a-n-n/silent-hill-museum,63.599999999999994
cmackenzie1/torii-rs,64.3
abusaeeidx/IPTV-Scraper-Zilla,64.3
AndrewChien/Mir2Client_VorticeDX11,58.8
10ium/ScrapeAndCategorize,58.8
numtide/nix-auth,62.0
ebrasha/free-v2ray-public-list,56.3
cubist38/mlx-openai-server,66.05
zhi35/iptv,56.3
orzice/DeltaForcePrice,62.8
datablueprint/api,58.8
paiml/rust-mcp-sdk,62.8
Galeax/CVE2CAPEC,64.3
Oumu33/snmp-mib-ui,58.8
Wang-Phil/Wang-Phil,58.8
WordPress/secure-custom-fields,59.5
zzzteph/Dutch_Gov_Scope,61.599999999999994
baiwumm/next-ultra,60.8
numtide/llm-agents.nix,64.3
yuanxiawan/cfipv4db,60.8
whstu/GreenhubLicence,58.8
succinctlabs/op-succinct,67.3
cuijianzhuang/jetbrains_servers_updater,58.8
CSOS-Team/SoundOfSteam,61.599999999999994
KallDrexx/Dotnet6502,58.8
SSM-FX/KeyboxStatus,63.599999999999994
REIJI007/Adblock-Rule-Collection,60.8
user23333/kaka,60.8
Elpapiema/AlyaBot_MD,63.599999999999994
ChanMeng666/library-management-system,60.8
jagreehal/ai-sdk-ollama,60.55
SchoolAI/loro-extended,63.599999999999994
cluntop/tv,58.8
Oniicyan/BT_BAN,60.8
Izikie/Radiant,62.349999999999994
sunyink/MFABD2,64.3
congzhen/cm_collectors_3,60.8
malinkang/duolingo2notion,61.5
steve02081504/GentianAphrodite,63.599999999999994
IzumiSy/mcp-duckdb-memory-server,63.599999999999994
pagcoinbr/brln-os,62.55
cherry-embedded/CherryECAT,60.55
qiantongtech/qKnow,65.55
opencve/opencve-kb,63.599999999999994
