full_name,community_vitality_score
Leox1024/homelab-ansible-ops,40.464758540418615
frankligy/pan_cancer_intracellular_antigen_atlas,23.082511498867255
Olshansk/rss-feeds,45.68959466704386
doms9/iptv,44.3011979467383
DanPeled/Synapse,34.24957812875748
dipi-unimore/mininet-gym,29.32955075903683
typegg-io/eggert-bot,8.561119216871473
nghiahsgs/iqair-dataset,31.916984768664307
Fzkuji/Ensemble-Hub,26.896061617183506
Phylmox/OpenBB-finance,30.315932029051144
Quivnex/blankly-finance,34.8781851319716
Raidensz/OTP-Bot-Telegram,45.502582596545054
Raidensz/NB-OTP-Bot-Telegram,40.83190748518675
tom-doerr/repo_posts,26.484174522133547
sexfrance/Spotify-ClientVersion,26.011726856354862
Krexind/quant-trading,36.71904860349096
Orinks/AccessiWeather,18.870230271036426
dr-schlange/nallely-midi,44.84826820777816
sciknoworg/YESciEval,30.983374044056326
Vulthen/myhhub-stock-quantitative,33.8013490321854
miladtahanian/V2RayScrapeByCountry,39.146319173483874
levispark/gen-playlist,23.801349032185403
vlad-ds/ai-trader-frontend,28.999285197358752
cm851228/my51228888,13.99928519735875
abusaeeidx/Yupptv-Playlist,13.022680034284525
wisebobo/clashNodes,1.0117268563548634
JERRYZFC/yxip_git_action,15.562395582294279
WulfgarW/homeassistant-pycupra,41.629590632652025
DeterminateSystems/flakehub-cache-action,8.399312614695688
100rabhsah/ai-news-aggregator,36.07966746600881
z562261070/Cailianpress-Feishu-Bot,6.959979207130553
machka-pasla/remnawave-tg-shop,51.50530754938614
T3stAcc/V2Ray,17.156795500570503
kmnhan/xarray-lmfit,32.948883749826706
thexnumb/thexwriteup,20.315932029051144
V2RayRoot/V2RayConfig,43.15098046842731
rango-cfs/NewCollector,8.541509420160672
Skillter/ProxyGather,42.781243077109444
Vanic24/VPN,26.411851187731276
maoist2009/HTTPS_IP_finder,27.667702730341993
redgreat/stepwong,31.735817038808452
DeterminateSystems/determinate-nix-action,24.162241823754215
tutw/platinsport-m3u-updater,2.621505112498446
stephansturges/Tator,34.929000351220424
WulfgarW/pycupra,25.158002074252536
TomoeMami/S1PlainTextArchive2025,23.79463463423712
SECTL/SecRandom,48.2161722476199
cs3306/IPTV-Sources,27.488687287517468
PaulH97/Sen12Landslides,27.9728977169697
cyh92/iptv-api3,5.315932029051144
Zhalslar/astrbot_plugin_browser,19.33882051244143
redfree8/config-fetcher,13.302496976565461
cook369/proxy-collect,32.18485637809354
davxy/jam-conformance,41.538844783539055
MinZin100000/Project-0,1.0117268563548634
melogabriel/tinfoil-shops-status,38.593238084750794
anton-prosterity/documentation-search-mcp,23.157960731713572
vulnebify/cidre,37.2428461599102
soulripper13/hass-speedtest-ookla,26.77575422808803
arschlochnop/VulnWatchdog,37.548496777639606
Lokam-AI/lokamspace,18.240441453665866
usemanusai/CodeMAD,1.8167890081760023
ridwaanhall/ridwaanhall-com,34.98595270946396
ARUNAGIRINATHAN-K/ARUNAGIRINATHAN-K,2.088562956141059
ASTRACAT2022/VPN-FREE-astra.net-V1,26.421120941135875
Oaklight/onehub_prices,29.268025705722525
namegenliang/fast-github-access,20.315932029051144
theriturajps/proxy-list,33.79463463423712
BuddyChewChew/localnow-playlist-generator,26.447274655525906
IsaacCheng9/order-book-simulator,33.10212129557806
uzumstanley/PHIDATA,42.579369397176606
jm-cook/mspa-homeassistant,37.37230917683212
dp-web4/Synchronism,22.594250462874548
arthur-ai/arthur-engine,49.36386630724825
cnpjpw/cnpjpw,30.670565316003298
Drakkar-Software/OctoBot-Market-Making,40.6748718017504
TheSmartDevs/SmartUtilBot,43.445545865666126
galaxyproject/galaxy-mcp,20.96534775123836
apprevenew-com/firebase-remote-config-python,16.77575422808803
ssmugabi/IDAPlugins,30.670565316003298
Gotti0/batch_translator_with_gemini_ko,26.411851187731276
teraha-dev/statsfm-to-markdown,27.3879896951328
kadirsener1/CanliTvListe,11.489061550789817
VIDA-NYU/UrbanMapper,32.09789010767652
andyjud/tiktok-clone,3.4452159982081896
the-bird-F/Expressive-Vectors,1.7757542280880305
sanderland/script_tok,36.56724702501098
jerome-benoit/freqai-strategies,37.49999209907892
Ofcremeo/PlateYOLO-JP-Prototype,26.011726856354862
marcosomma/orka-reasoning,49.840109152969504
Armaan29-09-2005/AI-OSINT-Security-Analyzer,30.983374044056326
Zayden-Cyber/Backdoor,36.051606588485775
corrupt0303/dating-agent,32.18485637809354
Aeron1-bit/PyWxDump,60.641414494014796
shashank2122/Local-Voice,39.55073477775086
luticuzokz53/real_estate_leadbot_public,30.315932029051144
ooyinet/WeClone,53.260135273706005
sorin177/ai-analyst-agent,37.10863940852457
TraceDesigns/MegaETH-Faucet,26.011726856354862
bensugursoy/Drone-Swarm-RL-airsim-sb3,30.315932029051144
Crezy-haker/videocutterAI,36.40623987543793
Willywillisonq24324/telegram-member-adder-scrapper,49.63762112818368
Yghan31/multi-tracking-YOLOv8-ByteTrack,26.421120941135875
Ahm-rgb/Alpha-SQL,30.315932029051144
racanreggo6v42/DDoS,47.06209751346207
techdomegh/ai-news-scraper,32.59425046287455
irfanbob26/AI-Chatbot,32.18485637809354
NayanMistry534/discord-raider-tool,45.170496559053035
Arman171/WebForensic,31.516316200413716
Mojo96666/hack-crypto-wallets,29.906537944270134
REVERSEDCD/jobspy-api,29.906537944270134
thinker84/Real-Time-stock-price-prediction-and-market-analysis-using-Machine-Learning,31.747401415789497
DennisDRX/Faraday-Web-Researcher-Agent,26.77575422808803
waelsultan28/youtube-shorts-automation,46.03672552278783
militarandroid/cybersecurity_hack,46.071104553312736
youmeat6678/Instagram-Hashtag-Scraper,32.1567955005705
benkhelifamohamedtaher/speech-emotion-recognition,29.30420517269628
Creature-112/gemini-live,37.50320660169777
incno/WhatsApp-Spam-Bot,29.971647187701464
hoangtuanhehehehhe/AgentVault,25.764027371733167
omerso901/HRMedSeg,22.52978256380581
SHANMUGAM070106/cursor-free-vip,57.042574046269856
luwhano/fastapi-langgraph-agent-production-ready-template,37.49411301697222
amad890/cloudflare-temp-mail,34.39940043197412
iniarfia/mcp-server-mas-sequential-thinking,23.19901626061155
riccorik/cursor-auto-icloud,25.223111317683866
kuroyaii/free-ip-stresser,44.606166726355866
AlejandroZaZ/cybersecurity-tools,32.387585758340826
Spac5y/Vocal-Agent,34.146275217897674
JbvrgtonYT/ollvm-unflattener,32.52978256380581
vrishank-cmd/Whatsapp-Bot,39.49952315655339
Oliveira3d/free-ip-stresser-booter,50.790874981094575
sammakumbe/burp-idor,25.0
inspirepan/klaude-code,23.423387078039045
mdtajnur22/kiss-slam,25.0
JoseAP02/Font-Downloader,25.409394084781013
kastalimohammed1965/CLIP-fine-tune-registers-gated,28.89481108791527
gorkaydemir/track_on,34.35063052311966
VOICEVOX/voicevox_vvm,27.365580547681873
camel52zhang/yxip,25.991436556059252
HuichuanLI/play-with-instruct-model,15.764027371733167
giuliomagnifico/raiplay-feed,25.06794060965394
xiaozhuABCD1234/AutoAnswer_zhihuishu,33.05502777334601
mkaflowski/Gemini-SRT-translator-GUI,24.74408966638539
xychcz/S3Fit,17.161715193888273
xxyzz/wiktionary_stardict,26.076836099786195
PuddinCat/OllamaSpider,33.416838706209916
chengliu97/ProDualNet,26.739179229964606
sparklost/endcord,47.006621501216785
maimengmeng/mysub,9.843063438690962
digitaldemocracy2030/polimoney,47.6359121770086
hengruiyun/AI-Stock-Master,53.79390465004461
huangusaki/PicLingo,17.250257556300372
apikusu/altstore,28.89481108791527
fansiphone/pachong-tom,10.850913722165988
OpenHUTB/nn,42.76666326778945
WwZzz/ILStudio,27.956027198528936
premiumcreativeuser/live_events_pu,8.553649547563708
Code-Science/Awesome-AI-Landscape,15.805062151821138
YangLang116/auto_gen,29.30420517269628
ErgoDevs/Ergo-Bounties,35.9740964338935
nodesfree/v2raynode,40.235897737259876
nodesfree/clashnode,37.06397478920323
nbshenxm/pentest-agent,45.11481618963897
w154594742/free-v2ray-node,31.728424561145005
United-Compute/gpu-price-tracker,24.228449229860185
Romihi/annotation_training_d2j,4.9065379442701325
onlyno999/streamlit.io,19.21421582755162
LRFP-Team/LRFP,50.433594462902995
HarishM-AIML-A-58/LeetCode_Daily,17.765897992825575
eddiehe99/xyzrank,45.434340255968706
Zhalslar/astrbot_plugin_reread,26.35831909906565
nightah/daddylive,17.009746803122322
KNR-PW/Dron_symulacja,8.59468432765168
Josh9456/IPTV-m3u,29.502814001378574
spincat/SmartProxyPipeline,15.0
Ice-001/wxvuln,36.15658073243796
cbcoutinho/nextcloud-mcp-server,53.494329754212444
hamedcode/port-based-v2ray-configs,45.096143406059696
Zhalslar/astrbot_plugin_relationship,27.612168212544386
946727185/auto-ip-update,32.08044320882806
silasary/apworlds,16.198170567936927
djdoolky76/UDPTV,18.89481108791527
Kai-One001/cve-,4.658838459648436
waterdisappear/ATRNet-STAR,43.818871358250675
OpenBuilders/access-tool,42.96099536907202
RogoLabs/CNAScoreCard,32.95878644529762
cavefire/Bose-Homeassistant,42.655592608528266
asukaneko/comic-downloader,34.39940043197412
DCjanus/prompts,5.7356745594346314
Bittu5134/ORV-Reader,60.69661306087299
junlangzi/Lottery-Predictor,28.539007921395996
krozgrov/ha-omlet-integration,28.327093656086568
JEEBIS27/Plover_Mejiro,11.29372884560965
nkapila6/mcp-local-rag,50.0016095030384
ClimenteA/social-media-posts-scheduler,37.43782957283168
spyboy-productions/ObfuXtreme,51.545151345295984
lizaifu2026/df,13.29421151988939
XargonWan/Synthetic_Heart,32.989170376276455
JoeGaffney/deferred-diffusion,29.30420517269628
Liiesl/EasyScanlate,44.53926082420586
umbertogriffo/fastapi-blueprint,29.658838459648436
DDSRem-Dev/MoviePilot-Plugins,48.860067888137806
hbin0701/Pred-Sent,22.133362381589734
nerdai/llm-agents-from-scratch,34.58526481262406
hbq0405/emby-toolkit,33.01251195992738
keta1930/mcp-agent-graph,53.59296323162921
cavefire/pybose,22.78962217583054
0610840119/iptv-api,33.40850601234111
dillfrescott/mvsep-beta,15.0
john-friedman/datamule-indicators,34.09453324220457
mkuthan/solis-cloud-control,42.56119638351443
yoyolicoris/philtorch,19.5952043357416
seud0nym/sigenergy2mqtt,27.47336887398424
Ethan-Men/8159-TV,24.84306343869096
whiteout-project/bot,44.13699232498573
Mifta24/auto-quotes,15.0
kingshot-project/Kingshot-Discord-Bot,34.348756618955655
RynoxPrime/SpotiFX,17.91769957130556
Yui007/bato_downloader,42.045625929678266
keekyslusus/SteamFlow,25.409394084781013
analyticsinmotion/werx,25.764027371733167
plsy1/epg,31.582523606519686
eliranwong/agentmake,40.42090617300333
leafyin/game-help-script,7.529782563805808
mapterhorn/mapterhorn,42.79819546872389
codelion/pts,46.246227315594155
hxabcd/easiauto,20.251464129982402
hackclub/nephthys,33.36664851422019
Elwinmage/ha-reefbeat-component,40.186926732526786
juspay/clairvoyance,43.250832393378744
carl0smat3us/undetected,15.409394084781011
MagiclabRobotics/magicbot-gen1_description,15.764027371733167
flyingbitac/fly_in_docker,1.8408634715193621
FBruzzesi/anyschema,29.37493644076279
hahahafeifeifei/PIGA,16.840863471519363
AnInsomniacy/tracknet-series-pytorch,25.204462583795262
ViStoryBench/vistorybench,42.71949788654861
jaimebarran/spotify-latest-episodes,21.173129521738673
ELXaber/chaos-persona,32.22190474400183
fishros/fprotocol,19.658838459648436
peternest/hh-inspect,26.076836099786195
wooluo/vuln_crawler,29.117922405599135
wooluo/watch0day,31.72864969039479
WeepingDogel/matrix-historian,17.60489084325253
HZBHZB1234/LCTA-Limbus-company-transfer-auto,15.0
john-friedman/datamule-data,26.648362132561807
adamprime/comiccaster,28.36388143231345
dsccccc/clashfree,16.076836099786195
NSPC911/rovr,53.89293278583696
V2RAYCONFIGSPOOL/V2RAY_SUB,30.60693119209646
ShamsParvezArka/fleury-theme.el,25.240176086215047
indmdev/Telegram-Store-MiniApp,34.83078200143404
peers-labs/peers-touch,21.747401415789497
dubefab/obsidian-TerraFlow,27.852590327874225
Nyabsi/OpenFps,32.55246356761064
ide-an/nijigta-livers-map,23.357179671933075
spydisec/spydithreatintel,37.08701139594835
xiaochanghai/eu.admin,26.216189440150124
juspay/neurolink,69.06527511249818
SeniorMatt/Matthew-s-NixOS,25.590135508401264
hatayama/uLoopMCP,46.5176003576333
cocopuff2u/BOFA,32.51142878752266
imrightguy/CloudToLocalLLM,43.682422683765
sayhiben/theblop,35.7654765749343
Yebingiscn/SweetVideo,40.41295543658156
ararog/deboa,43.25675303616394
rogsme/yams,40.90090867617642
vishnuroshan/zed-react-ts-snippets,41.2460724887072
mytv-android/BRTV-Live-M3U8,23.80257102036813
qljsyph/ruleset-icon,29.296793776306103
sinavm/sinavm,31.922168396704585
Kolandone/v2raycollector,25.635498105756483
DerDavidBohl/dirigent-spring,36.05797440168414
maccmsapp/iptv,27.488687287517468
InkCanvasForClass/community,53.794103513582115
galihru/MentalHealth,39.07954288725292
vmheaven/VMHeaven-Free-Proxy-Updated,36.63061069286543
RemiaCS/Window-Tweaks,32.51142878752266
Tamzk/Rebel-OtpBot-Twillo-Bypass-Paypal-2fa-80-Country-Usa,39.27718397959529
AYssu/fast-scan,32.45472316292559
relizaio/rearm,44.047860222244594
galihru/facemind,40.97585064564967
xiv3r/top-github-users-ranking,26.78739012710692
sebastian-mutz/fsml,36.616438924992984
ToolerofLight/myfiles,8.997658972089864
galihru/galihru.github.io,17.621505112498447
markomijic/TTS-Mod-Vault,28.67235121661315
AyGemuy/wudyver,27.593382763825698
galihru/hbd,28.065168119215286
Its-Nyein/shadcn-admin,35.75355330132865
WaspScripts/WaspLib,32.56062319586911
imohammedh/Notevo,38.38229180175071
li1lli1/xuejimao-video-cut,26.17939204918529
The-AI-Alliance/llama-stack-examples,43.949263885504955
trio666/proxy-checker,28.44521599820819
iasakura/lean-yjs,34.447374622840826
smartscripts-nl/dynamic-xray,35.966547481201765
lonerOrz/loneros-nixos,28.065168119215286
poetaster/arduinoMI,30.544006995638977
RustNSparks/rocm-rs,14.62597741264543
anzhiyu-c/anheyu-app-frontend,31.948969774483988
NikhilRout/TheGEMMCoreProject,35.1025559493991
bzggnveee/There-is-nothing-here,10.854790295045827
Belphemur/night-routine,33.145089237944596
niksedk/subtitleedit-avalonia,25.811201930308922
prateekrajput08/Arcade-Google-Cloud-Labs,22.991631988829972
isw866/iptv,11.664976401807724
vlang/gui,40.12110400042306
gfpcom/free-proxy-list,52.78335532219875
wmigor/godot-aircraft-plugin,5.014305521762494
zzq1234567890/epg,15.735986118418786
Axthauvin/epitrace-packs,24.830782001434038
ivsemenkov/EEGSimpleNet,18.44521599820819
loonghao/vx,25.996561790310075
interp-reasoning/thought-anchors.com,25.102555949399097
DNATechByNaldoDJ/fw.webex,36.86650243007763
Kone457/Shizuka-AI,26.234838174038728
abusaeeidx/CricHd-playlists-Auto-Update-permanent,48.38954102939472
RavenHogWarts/obsidian-ace-code-editor,37.42747291502806
Sage-77/V2ray-configs,44.06450141906917
wsdjeg/nvim-config,25.753553301328648
hypervel/components,48.70427303646853
SukkaLab/ruleset.skk.moe,16.003450496439832
luo-ross/MultiVerseKit,22.207318785043825
FlavorfulGecko5/EntityAtlan,21.95997920713055
taolson/Admiran,32.95654906711607
xcontcom/xcontcom,33.58826488730885
Glaube-TY/siyuan-homepage,28.600946855098293
Rushikeshnimkar/portfolio2025,38.50583987332708
Iteranya/anita-cms,36.4472746555259
FLYCOM-E/ClearBox,24.393327039129993
chrisdoc/hevy-mcp,52.320724562545
tastetastetaste/musictaste,32.29136445584227
giantswarm/muster,37.082465532258766
96flashbacks/showfloor,38.34626527578213
theajmalrazaq/superflex,37.011760944534416
Cybermonit/RSS-Feed,21.478403529891985
klsdf/GreenResourcesManager,18.92942642766042
JAG-GW/GwAu3,17.407967695777405
sevcator/5ubscrpt10n,43.858079176895636
vfan/go-web-mvc,8.104054457856623
syrianzone/syrianzone,34.76449830537625
vonajs/vona,35.64170615016928
ohkami-rs/sqlx-d1,41.08663276202632
Yorick-Ryu/deep-share,40.613353337870734
RinLit-233-shiroko/Class-Widgets-2,37.72073887087234
santawho/oeffi-ng,36.17859119007398
eWloYW8/ZJU-classroom-stream,22.82423751557569
pkgforge-community/AM-HF-SYNC,20.24649310981436
sendmebits/ghostmail-ios,28.16278500788768
spzbrnmrc/Tiny-Vedas,39.239514862104855
Rink37/BOBJECT_engine,38.1937503952596
handeveloper1/Proxy,27.621505112498447
kmontag/macher,44.78689466622484
Monochrome-Inc/ZombiePanic-HL,33.887691626300594
m-bwela/m-bwela,7.824237515575691
BossSloth/SteamHunter-plugin,22.892579039191652
xiaoniucode/etp,44.42856556256478
voocel/mas,37.10863940852457
Luiz-Alcantara/Neural-Pixel,28.687923588777227
spongebob888/shadowquic,44.46667749679783
DefiTuna/tuna-sdk,13.505839873327083
xsSplater/Darktide_Enhanced_Descriptions_BETA,13.329925022309178
skyline69/balatro-mod-index,64.8036762488949
Glauedson/Glauedson,36.40623987543793
FidelityFramework/Firefly,34.877678778436106
NekoNyangYee/taehyun-blog-renewal,44.11457214366801
michelinus/api,41.36204646611214
sakura-talk-kingdum/sakurabot,33.612012087637005
growingio/design-system,17.438882565898332
tigerbeetle/devhubdb,22.690346695880738
garylin0969/trend-scraper,44.68914012219871
henrryqr/portafolio-programacion-numerica-2025,31.36204646611214
flarom/cohesion,49.78433538147655
kissenpvp/Pulvinar,17.438882565898332
Setout8/Book-Pen-Book,81.32484941803858
turgut090/traffic,17.438882565898332
zonary123/CobbleUtils,30.912715192051557
jabbott-iii/Udemy-Portfolio-Projects,31.36204646611214
MrAbolfazlNorouzi/iran-configs,36.33318730027812
gomlet674/G-MON-Hub,16.36204646611214
guess/claude_code,53.65039207274286
manyeyes/ManySpeech,53.31519810223245
EduJonathan/aprendendoCpp,31.36204646611214
nschainblatt/sicp,16.36204646611214
atopos31/llmio,72.60842087771393
O0111lqczeadxws/rss-scanner,16.36204646611214
aruljohn/crypto-prices,31.36204646611214
FireStar0507/BingWallpaper,31.36204646611214
soui4/swinx,28.146204313034424
cdilga/multiplayer-racer,31.36204646611214
yihad168/tv,33.78256003879627
AdeelWajid/iptv_validated_list,32.31775299781873
codeby-umar/codeby-umar,29.434029241186835
Karankoli17/LoveConfessionSite,16.36204646611214
alantang1977/aTV,22.097721025546775
zeldrisho/scoop-bucket,45.25685755402741
kandeng/blender_python_tutorial,32.43888256589833
opedromartinss/cotacoes-cafe,16.36204646611214
indmdev/Free-Telegram-Store-Bot,72.5863951073172
davidfue/RIF-Layoff-Dataset,32.43888256589833
CodaBool/stargazer,17.16710861793328
tablackburn/ScheduledTasksManager,32.16710861793328
vizoros/peer,37.53517598785081
cardenluo/ComfyUI-Apt_Preset,63.21532231569253
BA-CalderonMorales/my-life-as-a-dev,42.43888256589833
yanghui1-arch/mwin,31.36204646611214
RaydenLabs/genisys-data,32.43888256589833
SecondOrder-fun/sof-alpha,32.16710861793328
media-stack/gb2b-lead-finder,31.36204646611214
wavey0x/open-data,16.36204646611214
HAPPY-script/BLOX_FRUIT,16.36204646611214
Eyefyre/NYT-Connections-Answers,45.86243595391085
angelistaxin/auto-commit-angelistaxin-60s,16.36204646611214
nakulmitra/nakulmitra,16.36204646611214
ethan-yz-hao/github-stats,31.36204646611214
win-wiz/emoji-click,35.084808189238835
KeckObservatory/mKTL,39.968665129704135
d0midigi/hackherway,42.43888256589833
daniel7grant/time,16.36204646611214
harys722/github-daily-autocommit,49.376039459370176
TencentCloudBase/CloudBase-AI-ToolKit,84.9250992602605
soenneker/soenneker.extensions.httprequests,41.36204646611214
sss97133/nuke,34.11457214366801
indmdev/indmshopbot,54.502857355101554
fryagbye/tinderboxwithquarto,50.86226964393738
XStrikers/Discord-Bot,36.33369365381361
ACANX/MavenArtifact,33.18136697864213
adcontextprotocol/adcp,65.94080954499644
fraudiay79/strm,18.81514540467627
Wen-Xi-Goh/taxi-locations,16.36204646611214
bigbeartechworld/big-bear-universal-apps,23.51501864441268
tuxracer/matrix-fediverse-bridge,43.24394471771947
marajadesantelmo/dassa_operativo_stream,32.16710861793328
bigdargon/hostsVN-DeadDomainsLinter,16.36204646611214
pw56/web-puri-project,44.34843360853235
markvaaz/ScarletCore,22.535175987850813
xx25/perestroikabbs,16.36204646611214
Kanamo2525/prompt101,41.36204646611214
dpangestuw/Free-Proxy,69.31637998464655
ichenc/ichenc.github.io,31.36204646611214
AnterCreeper/pdaltmode,33.79553560796546
theneworacle/theneworacle.github.io,26.816436410934394
008Amonra/45dgof8_ComplianceSuite,31.36204646611214
cloudplains/jnsj,20.225704720600348
tscibilia/home-ops,46.50846063472869
prototbh/TEMP,16.36204646611214
malcolmramirez/supercollider,31.36204646611214
RuningFastChack/auto-bangumi,35.25685755402741
MangaBoya/mangaboya-nsfw,22.84844296065281
haoboww/RFGENS,16.36204646611214
bioinfo-gao/Python_Omics_DS,31.36204646611214
bettermyself/ai_learn,17.16710861793328
ya950/Agu-analysis,26.48235385520761
coder/mux,85.57027994032596
yanivsun/PushPaper,16.36204646611214
seehasung/SHS_Product_DB,16.36204646611214
yuler/rails-starter,20.490834982445946
BazilSuhail/Custom-Compiler,41.36204646611214
dmarx/papers-feed,41.26938362818176
GaiaEyesHQ/gaiaeyes-media,31.36204646611214
cjchandler/last_update_repo,31.36204646611214
bq2015/FreeProxies,73.40534538285473
andykimpe1/andykimpe1.github.io,31.36204646611214
bq2015/FreeProxies,73.40534538285473
andykimpe1/andykimpe1.github.io,31.36204646611214
743859910/AdGuard_Home_Official-built-in_Rules,31.36204646611214
noworneverev/leetcode-api,65.74114007585777
pixperk/chug,35.88952429356128
tyang816/tyang816,18.202909937631503
twitOne/RPZ-Blocklists,40.181101611191316
jhelvy/potus-econ-scorecard,23.174557125332967
Dvd848/wiki-game,41.36204646611214
nebula-site/nebula-site.github.io,36.33369365381361
pstAmbition/DailyArXiv_Multimodal,55.621913654197115
MSCoreLab/BYU-Core-MS-Lab,42.43888256589833
saveas446/LegacyBuilder,31.36204646611214
yylt/tul,54.12331582964414
liujunxiang0076/liu-site,16.36204646611214
DeltaPhi0/DeltaPhi0,41.36204646611214
Saleh7/BadTrafficData,33.2029099376315
KwanWaiPang/Awesome-VLN,47.64671942563517
constructive-io/constructive,54.67247674657109
pkgforge/bin,34.620207556497405
suptur/DNS-Filters,16.36204646611214
743859910/AdGuard_Home_Thirdparty_Rules,35.35658213720389
schardosin/astonish,35.49420227401984
cysyiu/WeatherMap,16.36204646611214
vpeinado263/infinito-jg,16.36204646611214
Xovee/cs-conf-stats,58.006964024880666
rix4uni/resolvers,57.818753958813694
genkin-he/news,22.535175987850813
projectbluefin/documentation,63.291396244201394
O-VanTho-programmer/ClassManagement,16.36204646611214
dxiv/dxiv,46.88463688067023
Misaka-blog/sfw-client,50.77748831020722
Sirraide/libbase,38.51501864441268
EzCE/ScreenSaver-CE,33.79553560796546
ddthien-coder/rustdesk_server_manager,31.36204646611214
aakalaw/aakalaw.github.io,34.92627798160861
stefanpejcic/OpenPanel,83.7638235545331
breadgrocery/bettergi-script-toolchain,33.79553560796546
1564307973/GC2000,16.36204646611214
soenneker/soenneker.utils.file.download,41.36204646611214
divengine/paramaribo-info-2025,32.43888256589833
argosnothing/nixos-config,46.88463688067023
VatsalyaGautam/VatsalyaGautam,48.58395121011398
netlas-io/netlas-free-iocs,35.88952429356128
ThuanyKamers/ThuanyKamers,16.36204646611214
asfaload/checksums,31.36204646611214
c2fc2f/dotfiles,41.36204646611214
ConradIrwin/conl-lsp,32.43888256589833
takutakahashi/agentapi-proxy,35.69030535334178
IAINBone-Data/layanan,31.36204646611214
mcneds/Album-Poster-Generator,33.2029099376315
ugliestie/wplace-tomsk,51.482353855207606
mochouaaaaa/nix-config,32.43888256589833
SoupDevs/BooruRamen,44.74687080735812
PakmanGames/ruby-mastermind,31.36204646611214
frankrichardhall/T3rn-Executor-bot,42.43888256589833
frankrichardhall/Units-Network-Airdrop-bot,41.36204646611214
frankrichardhall/Swisstronik-ERC721,41.36204646611214
frankrichardhall/T3rn-Airdrop-bot,45.25685755402741
frankrichardhall/Trailblazers-Taiko-Airdrop-bot,41.36204646611214
frankrichardhall/TEA-Testnet-Airdrop-bot,41.36204646611214
xiaobuding520/lunli,16.36204646611214
frankrichardhall/Rise-Chain-Airdrop-bot,43.79553560796546
frankrichardhall/Particle-Pioneer-Testnet-bot,42.43888256589833
frankrichardhall/Nillion-Airdrop-bot,43.79553560796546
frankrichardhall/Sowing-Taker-Farming-Airdrop-bot,45.25685755402741
frankrichardhall/OroSwap-Testnet-Airdrop-bot,45.25685755402741
frankrichardhall/Monad-Curvance-Pump4Gains-bot,46.33369365381361
gitrecon1455/fresh-proxy-list,66.27105228501429
frankrichardhall/Octra-Labs-Client-Installation-bot,45.25685755402741
frankrichardhall/Monad-Testnet-bot,42.43888256589833
frankrichardhall/PlumeNetwork-Testnet-bot,49.15166864194268
frankrichardhall/Humanity-Protocol-Airdrop-bot,54.83526620607381
drussell23/JARVIS,41.62165496621887
Indrudge/Indrudge,41.36204646611214
frankrichardhall/Izumi-Finance-Trailblazers-Taiko-Airdrop-bot,48.495408847701874
frankrichardhall/Kite-AI-Airdrop-bot,41.36204646611214
frankrichardhall/Gotchipus-NFT-Pharos-Network-Airdrop-bot,41.36204646611214
frankrichardhall/Huddle01-Testnet-Airdrop-bot,41.36204646611214
KotomiMitsutakaOgawa/AutoGreen,16.36204646611214
LEOCAR0210/Solver-App,26.36204646611214
glycerine/rpc25519,40.608046267186296
FinnHeathfield/Soundbath-2.1,16.36204646611214
henrikbykvist/fpl-feed-raakens-disipler,16.36204646611214
Nat3z/OpenGameInstaller,53.33314444371327
hafrey1/GeoLite-IP,37.690346695880734
soenneker/soenneker.semantickernel.pool,43.2029099376315
surisuririsu/gakumas-tools,66.89908048706172
Damocles-fr/PPJF,46.120609508937065
Pedrohss2/cardapio-backend,16.36204646611214
Zanue/MDT-dist,44.663216841285234
t23-02/bongda,23.174557125332967
paul-russo/blots-lang,42.62031144010486
robertringler/QRATUM,23.081846649966224
petr0leum/github_actions_dashboard,35.25685755402741
rspack-contrib/rspack-dev-server,62.561686233683645
kungbirdmed/truthverify-site,31.36204646611214
Gabrieltrinidad0101/informacion-dominicana,17.438882565898332
wanghz/Honeybee,44.502857355101554
indmdev/Free-Telegram-Store-Bot,72.5863951073172
penhandev/AutoAiVPN,50.84486877100098
BigheadSMZ/Zelda-LA-DX-HD-Updated,59.960686393974875
drmlive/fancode-live-events,38.58844286143655
indmdev/indmshopbot,54.502857355101554
Supremekirb/EBME,42.1771357907406
winterofhell/fedora-optimizations,44.502351001566076
flarom/cohesion,49.78433538147655
chainapsis/oko,45.89871646676467
Setout8/Book-Pen-Book,81.32484941803858
MrAbolfazlNorouzi/iran-configs,36.33318730027812
guess/claude_code,53.65039207274286
manyeyes/ManySpeech,53.31519810223245
atopos31/llmio,72.60842087771393
yihad168/tv,33.78256003879627
AdeelWajid/iptv_validated_list,32.31775299781873
codeby-umar/codeby-umar,29.434029241186835
cardenluo/ComfyUI-Apt_Preset,63.21532231569253
Eyefyre/NYT-Connections-Answers,45.86243595391085
adcontextprotocol/adcp,65.94080954499644
dpangestuw/Free-Proxy,69.31637998464655
MangaBoya/mangaboya-nsfw,22.84844296065281
bq2015/FreeProxies,73.40534538285473
noworneverev/leetcode-api,65.74114007585777
pixperk/chug,35.88952429356128
KwanWaiPang/Awesome-VLN,47.64671942563517
constructive-io/constructive,54.67247674657109
Xovee/cs-conf-stats,58.006964024880666
rix4uni/resolvers,57.818753958813694
projectbluefin/documentation,63.291396244201394
dxiv/dxiv,46.88463688067023
Misaka-blog/sfw-client,50.77748831020722
argosnothing/nixos-config,46.88463688067023
netlas-io/netlas-free-iocs,35.88952429356128
gitrecon1455/fresh-proxy-list,66.27105228501429
frankrichardhall/Humanity-Protocol-Airdrop-bot,54.83526620607381
glycerine/rpc25519,40.608046267186296
Nat3z/OpenGameInstaller,53.33314444371327
surisuririsu/gakumas-tools,66.89908048706172
Damocles-fr/PPJF,46.120609508937065
Zanue/MDT-dist,44.663216841285234
paul-russo/blots-lang,42.62031144010486
rspack-contrib/rspack-dev-server,62.561686233683645
mirtlecn/rime-radical-pinyin,63.89803442159501
iplocate/free-proxy-list,56.43080418895052
4Freye/panelsplit,53.903517286819316
qazzxxx/cloudimgs,55.99152667083749
ModelEngine-Group/DataMate,77.60990259951886
gaoyakang/online_logisim,44.31962576954861
gslege/CloudflareIP,79.05844058249309
GOATNetwork/goat,51.756157328978546
mrshmllow/tolerable-nvim-nix,50.424814681633336
lalifeier/IPTV,55.36662061769661
alantang1977/iptv_api,53.34645647422876
nene504273/Monkey-D-luffy-Bot-MD,44.17563728228306
743859910/Typora,46.141638605681095
ChHsiching/GitHub-Chinese-Top-Charts-Classified,72.6034855476387
sanity-io/sdk,45.32501647315793
Wirili/IPTV,43.55289294637144
databay-labs/free-proxy-list,58.22848289431883
cluntop/tvbox,70.10280478308806
743859910/VPN,41.37207363891946
liquidz/elin,65.89026697172088
EHylands/QolsysController,53.37057513046193
Danialsamadi/v2go,55.469995065545184
facebookexperimental/free-threading-benchmarking,49.81507051366931
broadinstitute/trexplorer-catalog,41.092256696638515
MHaggis/ClickGrab,68.0884820384327
vitoplantamura/HackerNewsRemovals,57.83972360486824
junjunlab/omicScope,48.282324702825335
Animenosekai/japanterebi-xmltv,60.80088500844511
weapp-vite/weapp-vite,70.98543414913057
onikun94/obsidian-local-rss,29.890429944269755
sholdee/home-ops,51.03306054001453
drmlive/sliv-live-events,36.220607080049874
Ceasar128/MultronFguardian,45.152242445357295
imdypha/penghijauan,20.889524293561276
alejandrofontan/AnyFeature-VSLAM,68.30037729536241
bangumi/Bangumi-iOS,49.337065515333485
gornskew/skewed-emacs,44.347180293536155
acuitymd/silk-chiffon,43.00180773927254
kalbasit/ncps,59.9758734578657
lipsumai/Best-AI-Tools,53.0577664024089
LejuRobotics/kuavo-ros-opensource,33.275154661896615
siganberg/ncSender,36.212564085734
AMD-AGI/Primus-SaFE,41.06556927095011
espressif/esp-webrtc-solution,59.01650781278614
reall3d-com/Reall3dViewer,77.16323296348308
Tworlizm/Email-Bomber-SMTP,52.06265381529995
IsThisMeta/zagreus,49.4648811445397
Eric86777/vps-tcp-tune,68.52230384385888
ebrasha/abdal-proxy-hub,51.092256696638515
mcsrainbow/chinese-internet-jargon,46.43080418895052
mcsrainbow/chinese-internet-jargon,46.43080418895052
laura-a-n-n/silent-hill-museum,57.392763592580366
cmackenzie1/torii-rs,75.79973965995171
abusaeeidx/IPTV-Scraper-Zilla,64.44000178393246
AndrewChien/Mir2Client_VorticeDX11,43.679146469391824
10ium/ScrapeAndCategorize,32.11358463989721
numtide/nix-auth,55.89822363705481
ebrasha/free-v2ray-public-list,77.22068256031224
cubist38/mlx-openai-server,76.97621230172312
zhi35/iptv,61.34748030697087
orzice/DeltaForcePrice,49.71800635861615
datablueprint/api,46.33318730027812
paiml/rust-mcp-sdk,59.159256298935944
Galeax/CVE2CAPEC,77.04502570113318
Oumu33/snmp-mib-ui,39.54273708723247
Wang-Phil/Wang-Phil,32.26487986484171
WordPress/secure-custom-fields,69.96090053736074
zzzteph/Dutch_Gov_Scope,58.70912262277392
baiwumm/next-ultra,57.4143383545467
numtide/llm-agents.nix,79.96500134845726
yuanxiawan/cfipv4db,49.822919257894775
whstu/GreenhubLicence,36.120609508937065
succinctlabs/op-succinct,75.75824215110441
cuijianzhuang/jetbrains_servers_updater,58.10046474796188
CSOS-Team/SoundOfSteam,55.65441021244917
KallDrexx/Dotnet6502,47.700373868688054
SSM-FX/KeyboxStatus,37.97144779538126
REIJI007/Adblock-Rule-Collection,62.972999900288805
user23333/kaka,46.160489241067964
Elpapiema/AlyaBot_MD,48.834475741931506
ChanMeng666/library-management-system,56.823641371704745
jagreehal/ai-sdk-ollama,47.95349908276451
SchoolAI/loro-extended,50.33587168187107
cluntop/tv,43.910231684767595
Oniicyan/BT_BAN,25.258737155058704
Izikie/Radiant,45.37665858958739
sunyink/MFABD2,54.05975517682386
congzhen/cm_collectors_3,58.43880767489137
malinkang/duolingo2notion,55.60306858759729
steve02081504/GentianAphrodite,62.229254128465385
IzumiSy/mcp-duckdb-memory-server,66.67862097667391
pagcoinbr/brln-os,47.818753958813694
cherry-embedded/CherryECAT,67.85585799193169
qiantongtech/qKnow,75.48026587705525
opencve/opencve-kb,36.42560290380794
